"id","title","body","category","priority"
1,"ACCOGLIENZA","Verificare locali della biglietteria salta automatico. ","Tecnico","alta"
2,"PERCORSO MUSEO","Neon da sostituire nella sezione femminile","Tecnico","alta"
3,"ACCOGLIENZA","Luce bagno femminile sempre accesa. Controllare fotocellula.","Tecnico","media"
4,"PERCORSO MUSEO","Pulizia scale verso balconate del 1° piano nella rotonda. Anche scale attualmente chiuse","Tecnico","alta"
5,"PERCORSO MUSEO","Non saccente il neon nell’ufficio di suor Giuseppina","Tecnico","alta"
6,"PERCORSO MUSEO","Ufficio Suor Giuseppina neon da cambiare","Tecnico","alta"
7,"ACCOGLIENZA","Luce e ventola bagno femminile/disabili sempre accesa (anche con porta chiusa)","Tecnico","bassa"
8,"PERCORSO MUSEO","Probabile Nido di vespe sopra la porta verde di accesso ai bidoni della differenziata.","Tecnico","alta"
9,"ACCOGLIENZA","Bagno uomini al buio","Tecnico","alta"
10,"PERCORSO MUSEO","Neon scarico sopra la testimonianza di Adriana.","Tecnico","alta"
11,"INTERCINTA","Togliere erba soprattutto davanti torretta","Tecnico","media"
12,"PERCORSO MUSEO","Letti di contenzione manca luce","Tecnico","alta"
13,"PERCORSO MUSEO","Non si accende la luce del sottoscala","Tecnico","alta"
14,"PERCORSO MUSEO","Luce non funzionante cella letto di contenzione .","Tecnico","alta"
15,"PERCORSO MUSEO","Juri chiede se è possibile dare una spazzata e lavata per evento di lunedì mattina","Tecnico","media"
16,"PERCORSO MUSEO","Svuotare tre celle al primo piano per Juri che poi faranno pulire","Tecnico","media"
17,"INTERCINTA","Verifica plafoniera via di fuga penzolante fronte 1 braccio","Tecnico","alta"
18,"INTERCINTA","Scopare BENE TUTTO il percorso ","Tecnico","bassa"
19,"INTERCINTA","Spazzare BENE tutto il percorso dell'intercinta","Tecnico","bassa"
20,"PERCORSO MUSEO","Bisogna togliere o baipassare sensore è guasto nella cella bara","Tecnico","alta"
21,"PERCORSO MUSEO","1° LAMPADINA BRUCIATA INIZIO DISCESA RICOVERO LATO FEMMINILE","Tecnico","alta"
22,"PERCORSO MUSEO","Nella cella con la bara non si accende la luce","Tecnico","alta"
23,"PERCORSO MUSEO","Manca luce prima rampa rifugio grazie","Tecnico","alta"
24,"PERCORSO MUSEO","In previsione del 3 dicembre, fare pulire 60 sedie prima di accatastare . grazie","Tecnico","bassa"
25,"PERCORSO MUSEO","Svuotare cestino al fondo corridoio","Tecnico","bassa"
26,"PERCORSO MUSEO","Braccio tedesco cella 108 la luce non si accende","Tecnico","alta"
27,"PERCORSO MUSEO","Pulire rotonda e scale rotonda x ingresso chiesa","Tecnico","media"
28,"PERCORSO MUSEO","Pulire per le visite del weekend","Tecnico","bassa"
29,"PERCORSO MUSEO","Manca luce primo braccio nella cella proettore","Tecnico","alta"
30,"PERCORSO MUSEO","Cella della cassa da morto al buio","Tecnico","alta"
31,"PERCORSO MUSEO","Non funziona luce in fondo al braccio del secondo seminterrato. ","Tecnico","alta"
32,"ACCOGLIENZA","Bagno delle femmine senza carta igienica","Tecnico","media"
33,"ACCOGLIENZA","Nel bagno maschile manca il sapone","Tecnico","media"
34,"ACCOGLIENZA","Salmviette mancanti nei bagni ","Tecnico","media"
35,"ACCOGLIENZA","Aria condizionata non funzionante in biglietteria","Tecnico","media"
36,"ACCOGLIENZA","Stampante con toner mancante. Cambiare il prima possibile","Tecnico","alta"
37,"ACCOGLIENZA","Biglietteria sporca. Chiamare servizio delle pulizie","Tecnico","media"
38,"ACCOGLIENZA","Bagni chiusi a chiave. Non riusciamo a trovare le chiavi","Tecnico","alta"
39,"ACCOGLIENZA","Macchinetta del caffè con problemi. Chiamare fornitori perchè manca il caffè","Tecnico","media"
40,"ACCOGLIENZA","Salviette mancanti nei bagni ","Tecnico","media"
41,"ACCOGLIENZA","Finita acqua nella macchinetta. Chiamare fornitori","Tecnico","media"
42,"ACCOGLIENZA","In sala d'attesa c'è una sedia da sostituire perchè pericolosa","Tecnico","alta"
43,"ACCOGLIENZA","Ricordarsi di programmare la tinteggiatura della sala d'attesa","Tecnico","bassa"
44,"INTERCINTA","Tagliare erba nei cortili esterni","Tecnico","bassa"
45,"INTERCINTA","Tagliare erba nell'intercinta","Tecnico","bassa"
46,"INTERCINTA","C'è l'erba da tagliare in tutta l'area esterna","Tecnico","bassa"
47,"INTERCINTA","Verificare luci nell'intercinta. Alcune fotocellule sembrano non funzionare correttamente.","Tecnico","media"
48,"INTERCINTA","Intercinta lato sezione femminile occupato. Liberare la zona","Tecnico","alta"
49,"INTERCINTA","Cortile davanti alla saletta da ordinare","Tecnico","media"
50,"INTERCINTA","Erba da tagliare lungo tutta l'intercinta","Tecnico","alta"
51,"INTERCINTA","Albero nel cortile della sezione femminile sembra malato. Andare a verificare","Tecnico","media"
52,"INTERCINTA","Aiuole dell'ultimo cortile da piantare ","Tecnico","bassa"
53,"INTERCINTA","Sono stati comprati i fiori da esporre per le commemorazioni di venerdì. ","Tecnico","media"
54,"INTERCINTA","Mettere la corona di fiori per la fiaccolata all'ingresso principale ","Tecnico","alta"
55,"INTERCINTA","l'area esterna ha bisogno di una ripulita","Tecnico","media"
56,"INTERCINTA","l'intercinta è piena di cartacce dopo la visita della scolaresca di oggi","Tecnico","media"
57,"INTERCINTA","l'intrecinta è sporca. ripulire","Tecnico","media"
58,"INTERCINTA","le siepi dell'ultimo cortile vicino all'intercinta è da talgiare","Tecnico","media"
59,"INTERCINTA","fiori da piantare all'inizio del percorso","Tecnico","media"
60,"INTERCINTA","le siepi dell'intercinta vanno messe a posto","Tecnico","alta"
61,"INTERCINTA","Salta differenziale fronte del primo braccio","Tecnico","alta"
62,"INTERCINTA","plafoniere della via di fuga da verificare","Tecnico","alta"
63,"INTERCINTA","intercinta altezza saletta al buio","Tecnico","alta"
64,"INTERCINTA","pulire cortile davanti alla saletta","Tecnico","media"
65,"INTERCINTA","fiori da piantare nelle aiuole davanti alla saletta","Tecnico","media"
66,"INTERCINTA","intercinta da pulire per la fiaccolata","Tecnico","alta"
67,"INTERCINTA","è da mettere in ordine per la commemorazione di martedì","Tecnico","media"
68,"INTERCINTA","intercinta da mettere in ordine per evento del weekend","Tecnico","bassa"
69,"INTERCINTA","omtercinta non in ordine. mettere a posto per le visite previste per il weekend","Tecnico","media"
70,"INTERCINTA","siepi da rifare","Tecnico","bassa"
71,"INTERCINTA","erba da tagliare nei cortili esterni","Tecnico","bassa"
72,"INTERCINTA","le siepi dell'ultimo cortile vicino all'intercinta è da tagliare","Tecnico","bassa"
73,"INTERCINTA","erba da tagliare","Tecnico","bassa"
74,"INTERCINTA","cortile fronte saletta da mettere in ordine","Tecnico","bassa"
75,"INTERCINTA","cortile fronte primo braccio da mettere in ordine","Tecnico","bassa"
76,"INTERCINTA","verificare che le vie di fuga siano tutte a posto","Tecnico","media"
77,"INTERCINTA","area esterna lato primo braccio da mettere a posto","Tecnico","bassa"
78,"INTERCINTA","cortile fronte saletta da ordinare","Tecnico","bassa"
79,"INTERCINTA","fotocellula della plafoniera fronte saletta non funzionante","Tecnico","alta"
80,"INTERCINTA","corona per funzione di domenica da posizionare nell'intercinta","Tecnico","media"
81,"INTERCINTA","ordinare il percorso","Tecnico","bassa"
82,"INTERCINTA","mettere in ordine il percorso dell'intercinta","Tecnico","bassa"
83,"INTERCINTA","verificare vie di fuga in ordine per la fiaccolata","Tecnico","alta"
84,"PERCORSO MUSEO","Spazzare BENE TUTTO il percorso museale, anche dietro le porte e sotto le panche,","Tecnico","bassa"
85,"PERCORSO MUSEO","Scopare BENE tutto il percorso museale, sotto le panche e dietro le porte","Tecnico","bassa"
86,"PERCORSO MUSEO","Attivando interruttore posto a sinistra in fondo al braccio salta bipolare di tutto il seminterrato","Tecnico","alta"
87,"PERCORSO MUSEO","Luce non funzionante chiesa femminile","Tecnico","alta"
88,"PERCORSO MUSEO","non si accende la luce nella chiesa maschile","Tecnico","alta"
89,"PERCORSO MUSEO","mettere in ordine braccio tedesco","Tecnico","bassa"
90,"PERCORSO MUSEO","nel braccio femminile sono rimaste tutte le porte aperte. andarle a chiudere prima della visita di domani","Tecnico","media"
91,"PERCORSO MUSEO","totem del braccio tedesco fuori uso. ","Tecnico","alta"
92,"PERCORSO MUSEO","totem del braccio femminile non funzionante","Tecnico","alta"
93,"PERCORSO MUSEO","braccio dei condannati a morte senza luci","Tecnico","alta"
94,"PERCORSO MUSEO","cella 120 da mettere in ordine. dopo l'ultima visita è rimasta in disordine","Tecnico","media"
95,"PERCORSO MUSEO","mettere in ordine il braccio femminile","Tecnico","bassa"
96,"PERCORSO MUSEO","mettere in ordine il braccio tedesco","Tecnico","bassa"
97,"PERCORSO MUSEO","ordinare il braccio dei condannati a morte","Tecnico","bassa"
98,"PERCORSO MUSEO","chiesetta femminile da spazzare, sopratutto sotto i banchi","Tecnico","bassa"
99,"PERCORSO MUSEO","verificare che l'intero percorso sia in ordine","Tecnico","bassa"
100,"PERCORSO MUSEO","l'intero percorso va ordinato","Tecnico","bassa"
101,"PERCORSO MUSEO","svuotare i cestini di tutto il percorso","Tecnico","bassa"
102,"PERCORSO MUSEO","verificare che il ricovero antiaereo sia in ordine","Tecnico","bassa"
103,"PERCORSO MUSEO","ordinare il ricovero antiaereo","Tecnico","bassa"
104,"PERCORSO MUSEO","verificare chiusura porte del percorso sacro e profano","Tecnico","media"
105,"PERCORSO MUSEO","pulire braccio condannati a morte","Tecnico","media"
106,"PERCORSO MUSEO","cella 103 al buio. sostituire luce","Tecnico","alta"
107,"PERCORSO MUSEO","cappella femminile senza luce. verificare plafoniera","Tecnico","alta"
108,"PERCORSO MUSEO","plafoniera della chiesa femminile da mettere a posto","Tecnico","alta"
109,"PERCORSO MUSEO","seconda rampa del ricovero antiaereo senza luce","Tecnico","alta"
110,"PERCORSO MUSEO","rampa del percorso antiaereo al buio","Tecnico","alta"
111,"PERCORSO MUSEO","svuotare celle sopra il braccio tedesco per allestire la mostra","Tecnico","media"
112,"PERCORSO MUSEO","svuotare chiesa maschile per allestimento mostra","Tecnico","media"
113,"PERCORSO MUSEO","pulire cchiesa femminile per evento del fine settimana","Tecnico","media"
114,"PERCORSO MUSEO","mettere in ordine il braccio femminile per visite","Tecnico","media"
115,"PERCORSO MUSEO","riordinare il braccio tedesco","Tecnico","media"
116,"PERCORSO MUSEO","pulire chiesa femminile per evento del weekend","Tecnico","media"
117,"PERCORSO MUSEO","svuotare la cella 130 per riallestimento ","Tecnico","media"
118,"PERCORSO MUSEO","svuotare cestini della chiesa femminile","Tecnico","media"
119,"PERCORSO MUSEO","pulire braccio femminile da carte lasciate dalla visita di stamattina","Tecnico","media"
120,"PERCORSO MUSEO","pulire rotonda per visita della prossima settimana","Tecnico","media"
121,"ACCOGLIENZA","quando piove non c'è u luogo sufficientemente grande per i visitatori. si può prendere una tettoia ad hoc?","Tecnico","bassa"
122,"ACCOGLIENZA","è quasi finita la carta per stampare i biglietti. da comprare urgentemente","Tecnico","alta"
123,"ACCOGLIENZA","pulire bene l'area di attesa. qualche visitatore si è lamentato","Tecnico","alta"
124,"ACCOGLIENZA","i bagni sono di nuovo intasati. mandare il prima possibile un idraulico","Tecnico","alta"
125,"ACCOGLIENZA","chiedere alle ragazze delle pulizie di spolverare meglio la biglietteria","Tecnico","media"
126,"ACCOGLIENZA","chiedere a tutti i volontari di tenere meglio il posto di lavoro della biglietteria","Tecnico","media"
127,"ACCOGLIENZA","il riscaldamento in biglietteria non scalda","Tecnico","media"
128,"ACCOGLIENZA","il riscaldamento in sala d'attesa non scalda","Tecnico","media"
129,"ACCOGLIENZA","la sala d'attesa è momentaneamente inagibile: ci sono degli impedimenti che non permettono l'ingrasso","Tecnico","alta"
130,"ACCOGLIENZA","il computer della biglietteria non riesce a collegarsi al sito della regione","Tecnico","alta"
131,"ACCOGLIENZA","non riesco a stampare i biglietti ","Tecnico","alta"
132,"ACCOGLIENZA","la porta d'ingresso fa uno strano rumore","Tecnico","bassa"
133,"ACCOGLIENZA","i visitatori chiedono di poter mettere delle merendine nella macchinetta ","Tecnico","bassa"
134,"ACCOGLIENZA","la macchinetta del caffè non eroga più il the. chiamare l'azienda erogatrice","Tecnico","media"
135,"ACCOGLIENZA","la rampa d'accesso alla biglietteria è da pulire","Tecnico","media"
136,"ACCOGLIENZA","il bagno disabili risulta inagibile","Tecnico","alta"
137,"ACCOGLIENZA","i visitatori continuano a confondere la sala d'attesa con la biglietteria. pensare ad una soluzione","Tecnico","bassa"
138,"ACCOGLIENZA","ho dimenticato di chiudere la cassa stasera. farlo fare al prossimo volontario","Tecnico","alta"
139,"ACCOGLIENZA","non riesco ad accedere alla mia utenza per aprire la cassa","Tecnico","alta"
140,"ACCOGLIENZA","è arrivato un visitatore che sosteneva di avere una prenotazione effettuata ma a sistema non risultava","Tecnico","alta"
141,"ACCOGLIENZA","fare pulire meglio i bagni","Tecnico","bassa"
142,"ACCOGLIENZA","fare pulire gli spazi comuni","Tecnico","bassa"
143,"ACCOGLIENZA","non riesco ad accendere il condizionatore","Tecnico","media"
144,"ACCOGLIENZA","non riusciamo a capire perchè il riscaldamento non funziona","Tecnico","media"
145,"ACCOGLIENZA","fare stampare il tariffario corretto ","Tecnico","bassa"
146,"ACCOGLIENZA","per l'evento della prossima settimana ci servono le locandine per sponsorizzarlo","Tecnico","alta"
147,"ACCOGLIENZA","non abbiamo l'orario per le chiusure del periodo estivo ","Tecnico","bassa"
148,"ACCOGLIENZA","quali sono gli orari del periodo natalizio? ","Tecnico","bassa"
149,"ACCOGLIENZA","venerdì abbiamo una classe spagnola in visita. è possibile avere una guida che sappia parlare spagnolo?","Tecnico","media"
150,"ACCOGLIENZA","per il reading di martedì c'è un gruppo che parla inglese. è possibile avere una guida ad hoc?","Tecnico","media"
151,"ACCOGLIENZA","un visitatore lamenta di aver visto un evento sui social che noi non conosciamo. è possibile avere delucidazioni?","Tecnico","media"
152,"ACCOGLIENZA","quando piove si crea una enorme pozza davanti alla sala d'attesa","Tecnico","alta"
153,"ACCOGLIENZA","problemi conn i neon in sala d'attesa. ","Tecnico","media"
154,"ACCOGLIENZA","problemi con i neon in biglietteria","Tecnico","media"
155,"ACCOGLIENZA","stampante non funzionante. non possiamo stampare i biglietti","Tecnico","alta"
156,"ACCOGLIENZA","problemi di rete con il pos. pagamenti digitali non possibili","Tecnico","alta"
157,"ACCOGLIENZA","ventola della sala d'attesa non funzionante","Tecnico","bassa"
158,"ACCOGLIENZA","ventoal della biglietteria non funzionante","Tecnico","bassa"
159,"ACCOGLIENZA","pulire bene i bagni femminli","Tecnico","alta"
160,"ACCOGLIENZA","pulire bene i bagni maschili","Tecnico","alta"
161,"PERCORSO MUSEO","svuotare i cestini del percorso antiaereo ","Tecnico","bassa"
162,"PERCORSO MUSEO","svuotare i cestini delle chiese per il percorso sacro e profano","Tecnico","bassa"
163,"PERCORSO MUSEO","mettere in ordine le panche delle chiese","Tecnico","bassa"
164,"PERCORSO MUSEO","le panche della chiesa femminile in disordine. da riordinare","Tecnico","bassa"
165,"PERCORSO MUSEO","ordinare braccio femminile","Tecnico","bassa"
166,"PERCORSO MUSEO","ordinare il braccio dei condannati a morte","Tecnico","bassa"
167,"PERCORSO MUSEO","ordinare le celle del braccio tedesco","Tecnico","bassa"
168,"PERCORSO MUSEO","mettere in ordine la chiesa per la messa di domenica","Tecnico","bassa"
169,"PERCORSO MUSEO","fare pulire i bagni lungo il percorso ","Tecnico","bassa"
170,"PERCORSO MUSEO","verificare che il percorso sia in ordine","Tecnico","bassa"
171,"IIS ""F. Albert"" - Scuola Media Superiore - LICEO (5°) - Scienze umane","MUSEO
Periodo richiesto - Dal 04/05/2026 10:00 al 21/05/2026 10:00
Numero visitatori: 33","Commerciale","bassa"
172,"PREVER - Scuola Media Superiore - PROFESSIONALE (Biennio) - CULTURA E SPETTACOLO","MUSEO SACRO & PROFANO
Periodo richiesto - Dal 01/04/2026 09:30 al 01/04/2026 12:00
Numero visitatori: 40","Commerciale","media"
173,"CULTURALWAY - Agenzia Turistica -","MUSEO RICOVERO ANTIAEREO
Periodo richiesto - Dal 16/05/2026 15:00 al
Numero visitatori: 30","Commerciale","bassa"
174,"Il sentiero della quercia - Altro - Associazione","MUSEO
Periodo richiesto - Dal 03/06/2026 10:30 al
Numero visitatori: 12","Commerciale","bassa"
175,"Enaip Rivoli - Altro - formazione professionale- meccanico industriale","MUSEO RICOVERO ANTIAEREO
Periodo richiesto - Dal 29/05/2026 10:00 al 29/05/2026 13:00
Numero visitatori: 15","Commerciale","bassa"
176,"Liceo Classico V. Gioberti - Scuola Media Superiore - LICEO (Biennio) - Lettere","MUSEO
Periodo richiesto - Dal 11/05/2026 09:30 al 11/05/2026 12:30
Numero visitatori: 49","Commerciale","bassa"
177,"ic C. Nigra - Scuola Media Inferiore (3°) -","MUSEO
Periodo richiesto - Dal 27/03/2026 08:30 al 02/04/2026 10:30
Numero visitatori: 22","Commerciale","media"
178,"Luigi Barone - Scuola Media Inferiore (1° e 2°) - Lettere","RICOVERO ANTIAEREO
Periodo richiesto - Dal 29/04/2026 16:00 al 29/04/2026 17:00
Numero visitatori: 38","Commerciale","bassa"
179,"LICEO SCIENTIFICO SPAGNOLO ANNESSO AL CONVITTO NAZIONALE UMBERTO I - Scuola Media Superiore - LICEO (Biennio) - LICEO SCIENTIFICO INTERNAZIONALE","MUSEO
Periodo richiesto - Dal 10/03/2026 15:30 al 12/03/2026 15:30
Numero visitatori: 34","Commerciale","media"
180,"ISTITUTO FLORA - Scuola Media Superiore - LICEO (Biennio) - ECONOMICO SOCIALE","MUSEO RICOVERO ANTIAEREO SACRO & PROFANO
Periodo richiesto - Dal 25/05/2026 11:00 al 25/05/2026 11:00
Numero visitatori: 13","Commerciale","bassa"
181,"IIS CURIEVITTORINI - Scuola Media Superiore - LICEO (5°) - scienza umane","MUSEO RICOVERO ANTIAEREO
Periodo richiesto - Dal 22/03/2026 09:00 al 17/04/2026 09:00
Numero visitatori: 47","Commerciale","media"
182,"FOSCOLO - Scuola Media Inferiore (3°) - Lettere","MUSEO RICOVERO ANTIAEREO
Periodo richiesto - Dal 07/05/2026 09:00 al 21/05/2026 09:00
Numero visitatori: 22","Commerciale","bassa"
183,"Scuole tecniche San Carlo - Scuola Media Superiore - PROFESSIONALE (Biennio) - Operatore del benessere","MUSEO
Periodo richiesto - Dal 07/05/2026 10:00 al 28/05/2026 10:00
Numero visitatori: 20","Commerciale","bassa"
184,"Buniva - Scuola Media Superiore - LICEO (5°) - Liceo artistico","MUSEO
Periodo richiesto - Dal 06/05/2026 11:00 al 06/05/2026 11:00
Numero visitatori: 55","Commerciale","bassa"
185,"Progetto MoMo - Circoscrizione 3 - Gruppo Privati -","MUSEO
Periodo richiesto - Dal 31/01/2026 11:00 al 31/01/2026 13:00
Numero visitatori: 25","Commerciale","alta"
186,"SMS fra Operai e Agricoltori - Altro - Società Mutuo Soccorso","MUSEO
Periodo richiesto - Dal 21/02/2026 15:00 al
Numero visitatori: 18","Commerciale","alta"
187,"Progetto MoMo - Gruppo Privati -","MUSEO
Periodo richiesto - Dal 30/05/2026 11:00 al 30/05/2026 13:00
Numero visitatori: 25","Commerciale","bassa"
188,"Progetto MoMo - Circoscrizione 3 - Gruppo Privati -","MUSEO
Periodo richiesto - Dal 18/04/2026 11:00 al 18/04/2026 13:00
Numero visitatori: 25","Commerciale","bassa"
189,"Progetto MoMo - Circoscrizione 3 - Gruppo Privati -","MUSEO
Periodo richiesto - Dal 28/03/2026 11:00 al 28/03/2026 13:00
Numero visitatori: 25","Commerciale","media"
190,"Progetto MoMo - Circoscrizione 3 - Gruppo Privati -","MUSEO
Periodo richiesto - Dal 28/02/2026 11:00 al 28/02/2026 13:00
Numero visitatori: 25","Commerciale","alta"
191,"ISTITUTO COMPRENSIVO ""UGO FOSCOLO"" - Scuola Media Inferiore (1° e 2°) -","MUSEO
Periodo richiesto - Dal 17/03/2026 14:30 al 17/03/2026 19:00
Numero visitatori: 30","Commerciale","media"
192,"IUSTO - Università - Scienze dell'Educazione","MUSEO
Periodo richiesto - Dal 18/04/2026 09:00 al
Numero visitatori: 30","Commerciale","bassa"
193,"CULTURALWAY - Agenzia Turistica -","MUSEO RICOVERO ANTIAEREO
Periodo richiesto - Dal 25/04/2026 15:30 al
Numero visitatori: 40","Commerciale","bassa"
194,"CULTURALWAY - Agenzia Turistica -","MUSEO RICOVERO ANTIAEREO
Periodo richiesto - Dal 14/03/2026 15:30 al
Numero visitatori: 40","Commerciale","media"
195,"Famiglia Vacca - Gruppo Privati -","MUSEO
Periodo richiesto - Dal 15/02/2026 10:30 al 15/02/2026 10:30
Numero visitatori: 7","Commerciale","alta"
196,"Liceo Classico Statale ""G.F. Porporato"" - Scuola Media Superiore - LICEO (5°) - Liceo Classico","MUSEO
Periodo richiesto - Dal 20/03/2026 10:00 al 23/03/2026 10:00
Numero visitatori: 39","Commerciale","media"
197,"Associazione Operaia Mutuo Soccorso - Altro -","RICOVERO ANTIAEREO
Periodo richiesto - Dal 16/04/2026 12:30 al
Numero visitatori: 22","Commerciale","bassa"
198,"Copernico Luxemburg - Scuola Media Superiore - LICEO (3°) - Via Eusebio Bava 13","MUSEO SACRO & PROFANO
Periodo richiesto - Dal 11/02/2026 15:00 al 11/02/2026 17:30
Numero visitatori: 27","Commerciale","alta"
199,"eurovoyages - Scuola Media Superiore - LICEO (Biennio) - 3 place lardenois","MUSEO
Periodo richiesto - Dal 02/04/2026 14:30 al 02/04/2026 16:30
Numero visitatori: 54","Commerciale","media"
200,"Ist. Agrario ""Prever"" - Scuola Media Superiore - ITI (Biennio) - Agrario","MUSEO
Periodo richiesto - Dal 13/03/2026 14:00 al 13/03/2026 14:00
Numero visitatori: 30","Commerciale","media"
201,"Umberto Boccioni - Scuola Media Superiore - LICEO (4°) - Liceo Artistico","MUSEO
Periodo richiesto - Dal 18/03/2026 09:30 al
Numero visitatori: 18","Commerciale","media"
202,"Istituto Faà di Bruno - Scuola Media Inferiore (3°) -","MUSEO RICOVERO ANTIAEREO SACRO & PROFANO
Periodo richiesto - Dal 18/02/2026 10:00 al 18/02/2026 10:00
Numero visitatori: 27","Commerciale","alta"
203,"Umberto Eco - Scuola Media Superiore - LICEO (4°) - Scienze umane","MUSEO
Periodo richiesto - Dal 20/04/2026 10:00 al 24/04/2026 10:00
Numero visitatori: 73","Commerciale","bassa"
204,"dal masso - Scuola Media Superiore - PROFESSIONALE (3°) - bhu","MUSEO
Periodo richiesto - Dal 24/02/2026 09:00 al 24/02/2026 09:00
Numero visitatori: 40","Commerciale","alta"
205,"des ambrois - Scuola Media Superiore - LICEO (5°) -","MUSEO
Periodo richiesto - Dal 20/05/2026 09:00 al 20/05/2026 09:00
Numero visitatori: 40","Commerciale","bassa"
206,"de ambrois - Scuola Media Superiore - ITI (3°) -","MUSEO
Periodo richiesto - Dal 10/04/2026 09:00 al 10/04/2026 09:00
Numero visitatori: 40","Commerciale","media"
207,"Nicola Pellati - Scuola Media Superiore - ITI (5°) - Istituto tecnico economico","MUSEO
Periodo richiesto - Dal 03/02/2026 11:00 al 03/02/2026 11:00
Numero visitatori: 26","Commerciale","alta"
208,"piazza dei mestieri - Scuola Media Superiore - PROFESSIONALE (Biennio) -","MUSEO
Periodo richiesto - Dal 18/03/2026 09:00 al 18/03/2026 09:00
Numero visitatori: 20","Commerciale","media"
209,"Liceo Rebora - Scuola Media Superiore - LICEO (4°) - scienze umane","MUSEO RICOVERO ANTIAEREO SACRO & PROFANO
Periodo richiesto - Dal 10/05/2026 14:00 al 31/05/2026 14:00
Numero visitatori: 27","Commerciale","bassa"
210,"VALDOCCO - Gruppo Privati -","MUSEO
Periodo richiesto - Dal 23/01/2026 17:00 al 23/01/2026 17:00
Numero visitatori: 20","Commerciale","alta"
211,"torino - Scuola Media Superiore - ITI (4°) -","MUSEO
Periodo richiesto - Dal 18/02/2026 09:00 al 18/02/2026 09:00
Numero visitatori: 40","Commerciale","alta"
212,"torino - Scuola Media Superiore - ITI (4°) -","MUSEO
Periodo richiesto - Dal 17/02/2026 09:00 al 17/02/2026 09:00
Numero visitatori: 40","Commerciale","alta"
213,"Amaldi Sraffa - Scuola Media Superiore - LICEO (Biennio) - scienze umane","MUSEO
Periodo richiesto - Dal 15/03/2026 10:30 al 30/04/2026 10:30
Numero visitatori: 70","Commerciale","media"
214,"Istituto Salesiano Sant'Ambrogio - Scuola Media Superiore - LICEO (5°) -","MUSEO SACRO & PROFANO
Periodo richiesto - Dal 12/03/2026 15:00 al 12/03/2026 16:00
Numero visitatori: 50","Commerciale","media"
215,"einstein - Scuola Media Superiore - LICEO (4°) -","MUSEO
Periodo richiesto - Dal 27/04/2026 09:00 al 27/04/2026 09:00
Numero visitatori: 38","Commerciale","bassa"
216,"Bonelli - Scuola Media Superiore - LICEO (3°) -","MUSEO
Periodo richiesto - Dal 31/03/2026 08:30 al 31/03/2026 09:00
Numero visitatori: 19","Commerciale","media"
217,"I. SOCIALE - Scuola Media Superiore - LICEO (3°) -","MUSEO
Periodo richiesto - Dal 10/03/2026 08:30 al 10/03/2026 08:30
Numero visitatori: 45","Commerciale","media"
218,"AVOGADRO - Scuola Media Superiore - LICEO (3°) -","MUSEO
Periodo richiesto - Dal 26/02/2026 09:00 al 26/02/2026 09:00
Numero visitatori: 25","Commerciale","alta"
219,"avogadro - Scuola Media Superiore - LICEO (3°) -","MUSEO
Periodo richiesto - Dal 17/02/2026 09:00 al 17/02/2026 09:00
Numero visitatori: 35","Commerciale","alta"
220,"bodoni - Scuola Media Superiore - ITI (4°) -","MUSEO
Periodo richiesto - Dal 10/02/2026 09:00 al 10/02/2026 09:00
Numero visitatori: 15","Commerciale","alta"
221,"I.I.S. Settimo Torinese - Scuola Media Superiore - PROFESSIONALE (Biennio) - manutenzione Assistenza Tecnica","MUSEO
Periodo richiesto - Dal 29/01/2026 10:30 al 12/02/2026 11:00
Numero visitatori: 18","Commerciale","alta"
222,"PIAZZA MESTIERI - Scuola Media Superiore - PROFESSIONALE (Biennio) -","MUSEO
Periodo richiesto - Dal 20/04/2026 09:00 al 20/04/2026 09:00
Numero visitatori: 15","Commerciale","bassa"
223,"revel - Scuola Media Inferiore (3°) -","MUSEO
Periodo richiesto - Dal 27/03/2026 09:00 al 27/03/2026 11:00
Numero visitatori: 22","Commerciale","media"
224,"Istituto Martino Martini - Scuola Media Superiore - LICEO (4°) - Liceo scientifico","MUSEO
Periodo richiesto - Dal 21/04/2026 11:30 al 21/04/2026 12:00
Numero visitatori: 53","Commerciale","bassa"
225,"IIS Paolo Frisi - Scuola Media Superiore - PROFESSIONALE (5°) - Studi economici e sociali","MUSEO RICOVERO ANTIAEREO SACRO & PROFANO
Periodo richiesto - Dal 02/02/2026 11:00 al 27/02/2026 11:00
Numero visitatori: 25","Commerciale","alta"
226,"Liceo V.Gioberti - Scuola Media Superiore - LICEO (4°) - liceo linguistico","MUSEO
Periodo richiesto - Dal 08/05/2026 02:00 al 08/05/2026 04:00
Numero visitatori: 17","Commerciale","bassa"
227,"Istituto Scolastico Collegio Sacra Famiglia - Altro - Lettere","MUSEO RICOVERO ANTIAEREO
Periodo richiesto - Dal 25/01/2026 09:00 al 30/01/2026 09:30
Numero visitatori: 146","Commerciale","alta"
228,"Maggiora Vergano - Scuola Media Inferiore (3°) - Storia","MUSEO RICOVERO ANTIAEREO
Periodo richiesto - Dal 15/02/2026 09:30 al 22/02/2026 09:30
Numero visitatori: 24","Commerciale","alta"
229,"I.C. SAN BENIGNO CANAVESE - Scuola Media Inferiore (3°) -","MUSEO
Periodo richiesto - Dal 19/01/2026 09:30 al 19/01/2026 11:30
Numero visitatori: 36","Commerciale","alta"
230,"Istituto Comprensivo di Airasca (TO) - Scuola Media Inferiore (3°) - Storia","MUSEO
Periodo richiesto - Dal 12/05/2026 09:30 al 12/05/2026 09:30
Numero visitatori: 30","Commerciale","bassa"
231,"IC Pianezza, secondaria di I Grado Giovanni XXIII - Scuola Media Inferiore (3°) - LETTERE ed ED.CIVICA","MUSEO
Periodo richiesto - Dal 09/06/2026 09:00 al 10/06/2026 11:30
Numero visitatori: 95","Commerciale","bassa"
232,"IIS ""Amedeo Avogadro"" - Scuola Media Superiore - ITI (4°) -","MUSEO
Periodo richiesto - Dal 03/02/2026 09:00 al 03/02/2026 11:00
Numero visitatori: 25","Commerciale","alta"
233,"IIS ""Amedeo Avogadro"" - Scuola Media Superiore - ITI (4°) -","MUSEO
Periodo richiesto - Dal 30/01/2026 11:00 al 30/01/2026 13:00
Numero visitatori: 25","Commerciale","alta"
234,"IIS ""Amedeo Avogadro"" - Scuola Media Superiore - ITI (3°) -","MUSEO
Periodo richiesto - Dal 23/01/2026 09:00 al 23/01/2026 11:00
Numero visitatori: 30","Commerciale","alta"
235,"IIS ""Amedeo Avogadro"" - Scuola Media Superiore - ITI (5°) -","MUSEO
Periodo richiesto - Dal 16/01/2026 11:00 al 16/01/2026 13:00
Numero visitatori: 19","Commerciale","alta"
236,"IIS ""Amedeo Avogadro"" - Scuola Media Superiore - ITI (4°) -","MUSEO
Periodo richiesto - Dal 16/01/2026 09:00 al 16/01/2026 11:00
Numero visitatori: 18","Commerciale","alta"
237,"IIS ""Amedeo Avogadro"" - Scuola Media Superiore - LICEO (4°) -","MUSEO
Periodo richiesto - Dal 14/01/2026 09:00 al 14/01/2026 11:00
Numero visitatori: 20","Commerciale","alta"
238,"IIS ""Amedeo Avogadro"" - Scuola Media Superiore - ITI (3°) -","MUSEO
Periodo richiesto - Dal 14/01/2026 09:00 al 14/01/2026 11:00
Numero visitatori: 18","Commerciale","alta"
239,"MARIA CURIE - Scuola Media Superiore - LICEO (5°) - LICEO SCIENTIFICO","MUSEO
Periodo richiesto - Dal 30/03/2026 10:00 al 30/03/2026 10:30
Numero visitatori: 19","Commerciale","media"
240,"MARIA CURIE - Scuola Media Superiore - LICEO (5°) - LICEO SCIENTIFICO","MUSEO
Periodo richiesto - Dal 11/02/2026 09:00 al 11/02/2026 09:30
Numero visitatori: 21","Commerciale","alta"
241,"MARIA CURIE - Scuola Media Superiore - LICEO (5°) - LICEO SCIENTIFICO","MUSEO
Periodo richiesto - Dal 11/02/2026 09:00 al 11/02/2026 09:30
Numero visitatori: 19","Commerciale","alta"
242,"MARIA CURIE - Scuola Media Superiore - LICEO (5°) - LICEO SCIENTIFICO","MUSEO
Periodo richiesto - Dal 11/02/2026 09:00 al 11/02/2026 09:30
Numero visitatori: 23","Commerciale","alta"
243,"IIS ""Amedeo Avogadro"" - Scuola Media Superiore - ITI (4°) -","MUSEO
Periodo richiesto - Dal 27/01/2026 09:00 al 27/01/2026 11:00
Numero visitatori: 24","Commerciale","alta"
244,"Liceo scientifico A. Gramsci - Scuola Media Superiore - LICEO (4°) - Scienze Umane","MUSEO
Periodo richiesto - Dal 09/03/2026 10:00 al 09/03/2026 12:00
Numero visitatori: 49","Commerciale","media"
245,"I.C. SAN BENIGNO CANAVESE - Scuola Media Inferiore (3°) -","MUSEO
Periodo richiesto - Dal 21/01/2026 10:00 al 21/01/2026 12:00
Numero visitatori: 37","Commerciale","alta"
246,"I.C. SAN BENIGNO CANAVESE - Scuola Media Inferiore (3°) -","MUSEO
Periodo richiesto - Dal 19/01/2026 09:30 al 19/01/2026 11:30
Numero visitatori: 36","Commerciale","alta"
247,"IIS Natta - Scuola Media Superiore - ITI (Biennio) -","MUSEO
Periodo richiesto - Dal 28/04/2026 11:00 al 28/04/2026 13:00
Numero visitatori: 32","Commerciale","bassa"
248,"IIS Natta - Scuola Media Superiore - ITI (Biennio) -","MUSEO
Periodo richiesto - Dal 28/04/2026 09:00 al 28/04/2026 11:00
Numero visitatori: 33","Commerciale","bassa"
249,"IIS Natta - Scuola Media Superiore - ITI (Biennio) -","MUSEO
Periodo richiesto - Dal 21/04/2026 11:00 al 21/04/2026 13:00
Numero visitatori: 32","Commerciale","bassa"
250,"IIS B. Vittone - Scuola Media Superiore - PROFESSIONALE (4°) -","MUSEO
Periodo richiesto - Dal 24/02/2026 11:00 al 24/02/2026 13:00
Numero visitatori: 34","Commerciale","alta"
251,"IIS B. Vittone - Scuola Media Superiore - PROFESSIONALE (4°) -","MUSEO
Periodo richiesto - Dal 24/02/2026 09:00 al 24/02/2026 11:00
Numero visitatori: 31","Commerciale","alta"
252,"IIS B. Vittone - Scuola Media Superiore - PROFESSIONALE (5°) -","MUSEO
Periodo richiesto - Dal 20/02/2026 09:00 al 20/02/2026 11:00
Numero visitatori: 23","Commerciale","alta"
253,"IIS B. Vittone - Scuola Media Superiore - PROFESSIONALE (5°) -","MUSEO
Periodo richiesto - Dal 20/02/2026 11:00 al 20/02/2026 13:00
Numero visitatori: 20","Commerciale","alta"
254,"Convitto Nazonale Umberto I - Scuola Media Superiore - LICEO (Biennio) - Educazione Civica","MUSEO
Periodo richiesto - Dal 22/01/2026 15:00 al 22/01/2026 15:30
Numero visitatori: 38","Commerciale","alta"
255,"College Laurent Mourguet - Scuola Media Inferiore (3°) - college Laurent Mourguet","MUSEO
Periodo richiesto - Dal 23/03/2026 15:30 al 23/03/2026 16:00
Numero visitatori: 23","Commerciale","media"
256,"CULTURALWAY - Agenzia Turistica -","MUSEO RICOVERO ANTIAEREO
Periodo richiesto - Dal 21/02/2026 15:30 al 21/02/2026 18:00
Numero visitatori: 25","Commerciale","alta"
257,"IIS NORBERTO BOBBIO - Scuola Media Superiore - PROFESSIONALE (5°) - ALBERGHIERO","MUSEO RICOVERO ANTIAEREO
Periodo richiesto - Dal 13/04/2026 10:00 al 30/04/2026 10:00
Numero visitatori: 80","Commerciale","media"
258,"IIS VALLAURI - Scuola Media Superiore - ITI (4°) - MECCANICA","MUSEO
Periodo richiesto - Dal 09/04/2026 09:30 al 09/04/2026 12:30
Numero visitatori: 53","Commerciale","media"
259,"IIS VALLAURI - Scuola Media Superiore - ITI (4°) - MECCANICA","MUSEO
Periodo richiesto - Dal 14/04/2026 09:30 al 14/04/2026 12:30
Numero visitatori: 47","Commerciale","media"
260,"IIS VALLAURI - Scuola Media Superiore - ITI (4°) - ELETTROTECNICA","MUSEO
Periodo richiesto - Dal 21/04/2026 09:30 al 21/04/2026 12:30
Numero visitatori: 42","Commerciale","bassa"
261,"IIS VALLAURI - Scuola Media Superiore - LICEO (4°) - SCIENZE APPLICATE","MUSEO
Periodo richiesto - Dal 22/04/2026 09:30 al 22/04/2026 12:30
Numero visitatori: 47","Commerciale","bassa"
262,"IIS VALLAURI - Scuola Media Superiore - ITI (4°) - INFORMATICA","MUSEO
Periodo richiesto - Dal 24/03/2026 09:30 al 24/03/2026 12:30
Numero visitatori: 42","Commerciale","media"
263,"IIS VALLAURI - Scuola Media Superiore - ITI (4°) - INFORMATICA","MUSEO
Periodo richiesto - Dal 27/03/2026 09:30 al 27/03/2026 12:30
Numero visitatori: 39","Commerciale","media"
264,"IIS VALLAURI - Scuola Media Superiore - ITI (4°) - informatica","MUSEO
Periodo richiesto - Dal 20/03/2026 09:30 al 20/03/2026 12:30
Numero visitatori: 41","Commerciale","media"
265,"IIS VALLAURI FOSSANO - Scuola Media Superiore - ITI (4°) - ECONOMICO","MUSEO
Periodo richiesto - Dal 17/03/2026 09:30 al 17/03/2026 12:30
Numero visitatori: 44","Commerciale","media"
266,"I.C. Candiolo - Scuola Media Inferiore (3°) -","MUSEO RICOVERO ANTIAEREO SACRO & PROFANO
Periodo richiesto - Dal 24/03/2026 10:00 al 24/03/2026 11:00
Numero visitatori: 38","Commerciale","media"
267,"Liceo regina Maria Adelaide Aosta - Scuola Media Superiore - LICEO (4°) - Liceo economico sociale","MUSEO RICOVERO ANTIAEREO SACRO & PROFANO
Periodo richiesto - Dal 30/12/2025 15:00 al 30/04/2026 17:30
Numero visitatori: 47","Commerciale","alta"
268,"LICEO STATALE REGINA MARGHERITA - Scuola Media Superiore - LICEO (4°) - LICEO ECONOMINCO SOCIALE","MUSEO
Periodo richiesto - Dal 24/04/2026 11:00 al
Numero visitatori: 30","Commerciale","bassa"
269,"Liceo ""Porporato"" - Scuola Media Superiore - LICEO (5°) - Storia e Filosofia","MUSEO
Periodo richiesto - Dal 03/02/2026 11:00 al 03/02/2026 13:00
Numero visitatori: 21","Commerciale","alta"
270,"I.C. Foscolo - Scuola Media Inferiore (1° e 2°) - Secondaria I° grado","MUSEO
Periodo richiesto - Dal 23/03/2026 09:30 al 23/03/2026 11:30
Numero visitatori: 25","Commerciale","media"
271,"Richiesta prenotazione Liceo Albert","Buongiorno, sono un professore della scuola superiore Albert di Torino, e vorrei prenotare una visita per 33 persone per il MUSEO per il giorno 04/05/2026 alle ore 10:00.","Commerciale","bassa"
272,"Prenotazione scuola PREVER - 1/4/2026","Salve, scrivo dalla scuola professionale di Torino Prever e ho necessità di prenotare per 40 visitatori il MUSEO SACRO & PROFANO per il 01/04/2026 dalle 09:30 alle 12:00.","Commerciale","bassa"
273,"Preno per Agenzia turistica CULTURALWAY ","Buonasera devo prenotare il MUSEO RICOVERO ANTIAEREO il 16/05/2026 alle 15:00 per 30 visitatori","Commerciale","bassa"
274,"info per prenotazione Il sentiero della quercia ","voglio informazioni per prenotare MUSEO al 03/06/2026 10:30 per 12 ragazzi di una associazione","Commerciale","bassa"
275,"Richiesta di prenotazione per conto di Enaip Rivoli ","Ho bisogno di prenotare per il MUSEO RICOVERO ANTIAEREO il giorno 29/05/2026 dalle 10 alle 13. 
Numero visitatori: 15","Commerciale","bassa"
276,"Prenotazione per maggio per Liceo Classico Gioberti ","PRENOTAZIONE PER MUSEO IL 11/05/2026 DALLE 09:30 ALLE 12:30 PER 49 PERSONE. GRAZIE","Commerciale","bassa"
277,"informazione per preno Scuola Media Inferiore ","Ciao, ho bisogno di prenotare per il 27 marzo 2026 dalle 8:30 alle 12:30 per 22 ragazzi della scuola media inferiore il MUSEO. Puoi darmi conferma?","Commerciale","media"
278,"info per preno Scuola Media Inferiore ","Salve, per una scuola media di 38 ragazzi dobbiamo prenotare il RICOVERO ANTIAEREO per il 29/04/2026 alle 16.
Grazie","Commerciale","bassa"
279,"PER LICEO SCIENTIFICO INTERNAZIONALE PRENOTAZIONE A MARZO","Buongiorno, ho necessità di prenotare il MUSEO nel periodo 10/03/2026 15:30 al 12/03/2026 15:30 per 34 ragazzi. In attesa di gentile risconto, porgo cordiali saluti","Commerciale","media"
280,"Prenotazione per tutti i percorsi museali ","Sono responsabile della scuola superiore e devo prenotare il MUSEO, il RICOVERO ANTIAEREO e SACRO & PROFANO per 13 ragazzi. Il Periodo richiesto è il 25/05/2026 dalle 11. 
Grazie e buona giornata","Commerciale","bassa"
281,"richiesta prenotazione scuola CURIEVITTORINI ","salve, ho bisogno di prenotare il MUSEO RICOVERO ANTIAEREO nel periodo 22/03/2026 - 17/04/2026 per 47 ragazzi. grazie","Commerciale","media"
282,"prenotazione per scuola media FOSCOLO ","buonasera, devo prenotare il percorso relativo al MUSEO RICOVERO ANTIAEREO nel Periodo che va dal 07/05/2026 al 21/05/2026 per una classe di 22 ragazzi. in attesa di gentile riscontro porto cordiali saluti.","Commerciale","bassa"
283,"richiesta prenotazione Scuole tecniche San Carlo professionale","buongiorno. sono il responsabile di un istituto professionale e devo prenotare una visita per una classe di 20 ragazzi per il MUSEO. il Periodo richiesto è dal 07/05/2026 al 28/05/2026 10:00. grazie","Commerciale","bassa"
284,"prenotazione scuola superiore Buniva percorso standard","per il percorso del MUSEO, per il giorno 06/05/2026 alle ore 11:00 ho necessità di prenotare una visita per due classi, per un totale di 55 ragazzi","Commerciale","bassa"
285,"prenotazione per conto di Progetto MoMo ","ciao, sono la responsabile del gruppo, ci siamo visti l'anno scorso in occasione della fiaccolata. devo prenotare anche per quest'anno la visita del MUSEO per 25 persone, il giorno 31/01/2026 dalle 11 alle 13. fatemi sapere","Commerciale","alta"
286,"richiesta preno per SMS fra Operai e Agricoltori ","buongiorno, devo prenotare la visita al MUSEO il giorno 21/02/2026 alle ore 15 per 18 persone. grazie","Commerciale","alta"
287,"prenotazione per conto di Progetto MoMo ","buonasera prego prenotare percorso MUSEO per il 30/05/2026 per la visita delle 11. Siamo in 25","Commerciale","bassa"
288,"prenotazione per conto di Progetto MoMo ","devo aggiungere alla vista delle prenotazioni da effettuare per il MUSEO una visita per 25 persone per il 18/04/2026 alle ore 11","Commerciale","bassa"
289,"prenotazione per conto di Progetto MoMo ","per il percorso del MUSEO devo prenotare una visita per 25 persone per il 28/03/2026 alle ore 11","Commerciale","media"
290,"prenotazione per conto di Progetto MoMo ","percorso MUSEO, data 28/02/2026 ore 11, si richiede prenotazione per 25 visitatori. grazie","Commerciale","alta"
291,"prenotazione per ISTITUTO COMPRENSIVO ""UGO FOSCOLO"" ","si richiede prenotazione per la visita al MUSEO il 17/03/2026 dalle 14:30 alle 19. per 30 visitatori. grazie","Commerciale","media"
292,"richiesta preno per IUSTO - Università - Scienze dell'Educazione","ciao, prenotazione per visita MUSEO al 18/04/2026 alle 09:00 per 30 persone. grazie","Commerciale","bassa"
293,"preno per agenzia turistica CULTURALWAY ","si richiede visita a MUSEO e RICOVERO ANTIAEREO per il girono 25/04/2026 dalle ore 15:30 per 40 persone","Commerciale","bassa"
294,"preno per agenzia turistica CULTURALWAY ","si richiede visita a MUSEO e RICOVERO ANTIAEREO per il girono 14/03/2026 dalle ore 15:30 per 40 persone ","Commerciale","media"
295,"prenotazione famiglia Rossi ","buongiorno, prenotare per il MUSEO il giorno 15/02/2026 per le 10:30 per 7 persone","Commerciale","alta"
296,"richiesta prenotazione per Liceo Classico Statale ""G.F. Porporato"" ","salve, come da accordi telefonici vi chiedo di prenotare, in un giorno nel periodo dal 20/03/2026 al 23/03/2026 una visita al MUSEO per 30 ragazzi","Commerciale","media"
297,"Prenotazione per Associazione Operaia Mutuo Soccorso ","buonasera, chiedo di prenotare una visita per il RICOVERO ANTIAEREO per il 16/04/2026 alle 12:30 per 22 persone","Commerciale","bassa"
298,"prenotazione Copernico Luxemburg ","buonasera, vorrei prenotare per una classe di 27 persone, la visita del MUSEO e poi del percorso SACRO & PROFANO il giorno 11/02/2026 dalle 15. grazie","Commerciale","alta"
299,"preno Scuola Media Superiore ","buongiorno, solo la responsabile della scuola, e ho necessità di prenotare la visita al MUSEO il 02/04/2026 dalle 14:30. i ragazzi sono in 54. grazie","Commerciale","media"
300,"prenotazione per Ist. Agrario ""Prever"" - Scuola Media Superiore ","salve, si richiede prenotazione per il MUSEO il 13/03/2026 alle 14. siamo in 30","Commerciale","media"
301,"prenotazione per scuola superiore Umberto Boccioni ","salve, di richiede di prenotare la visita per il MUSEO per il 18/03/2026 alle 09:30. sono previsti 18 ragazzi","Commerciale","media"
302,"richiesta di prenotazione per scuola media Istituto Faà di Bruno ","salve, si richiede di prenotare la visita per il MUSEO, per il RICOVERO ANTIAEREO e per il percorso SACRO & PROFANO il 18/02/2026 alle 10 per 27 ragazzi","Commerciale","alta"
303,"richiesta prenotazione - Umberto Eco - Scuola Media Superiore ","salve, per il MUSEO si richiede prenotazion eper 73 ragazzi nel periodo Dal 20/04/2026 al 24/04/2026 per le 10","Commerciale","bassa"
304,"prenotazione scuola superiore dalmasso ","buongiorno, scrivo per chiedere la prenotazione della visita al MUSEO il 24/02/2026 alle 09. portiamo in visita 40 ragazzi","Commerciale","alta"
305,"prenotazione per scuola superiore des ambrois ","buonasera, ho bisogno di prenotare la visita per il MUSEO il 20/05/2026 alle 9. il gruppo è composto da 40 ragazzi","Commerciale","bassa"
306,"prenotazione per scuola superiore des ambrois ","buonasera, ho bisogno di prenotare la visita per il MUSEO il 10/04/2026 alle 09. il gruppo è composto da 40 ragazzi","Commerciale","media"
307,"prenotazione scuola superiore Nicola Pellati ","buonasera, con la presente richiedo la prenotazione del MUSEO per il 03/02/2026 alle 11:00. i ragazzi sono 26","Commerciale","alta"
308,"richiesta prenotaizone scuola superiore piazza dei mestieri ","buonasera, ho bisogno di prenotare la visita per il MUSEO il 18/03/2026 alle 09. il gruppo è composto da 20 ragazzi","Commerciale","media"
309,"richiesta di prenotazione per Liceo Rebora ","salve, abbiamo bisogno di prenotare una visita al MUSEO, al RICOVERO ANTIAEREO e al SACRO & PROFANO. il periodo per noi disponibile è compreso tra il 10/05/2026 e il 31/05/2026. La classe è composto dal 27 ragazzi.","Commerciale","bassa"
310,"prenotazione per gruppo privato del VALDOCCO ","buonasera, con la presente si richede prenotazione per la visita al MUSEO il 23/01/2026 alle 17. il gruppo è composto da 20 persone","Commerciale","alta"
311,"PRENOTAZIONE TELEFONICA","ha chiamato il responsabile del circolo dei sardi e ha chiesto prenotazione per 20 persone il 5/2/2026 h 10","Commerciale","alta"
312,"PRENOTAZIONE TELEFONICA","ha chiamato parroco di nostra signora delle grazie e ha bisogno di una prenotazione per 40 ragazzi il 25/4/2026 h 15","Commerciale","bassa"
313,"PRENOTAZIONE TELEFONICA","ha chiamato referente unitre per prenotare visita rifugio il 3/3/2026 per 20 adulti","Commerciale","media"
314,"PRENOTAZIONE TELEFONICA","ha chiamato animatore della parrocchia del carmelo per prenotazione ricovero antiaereo il 20 giugno 2026 per 60 ragazzi","Commerciale","bassa"
315,"PRENOTAZIONE TELEFONICA","ha chiamato responsabile dell'associazione adi rivoli per prenotazione della visita sacro e rpofano in 2 maggio alle 10 per 20 persone","Commerciale","bassa"
316,"PRENOTAZIONE TELEFONICA","ha chiamato referente unito per visita al sacro e profano del 30 aprile 2026 ore 10 per 40 ragazzi universitari","Commerciale","bassa"
317,"PRENOTAZIONE TELEFONICA","ha chiamato educatore dell'associazione per prenotare visita al rifugio il 28/04/2026 alle 17 per 20 ragazzi (10 disabili e altrettanti accompagnatori)","Commerciale","bassa"
318,"PRENOTAZIONE TELEFONICA","ha chiamato ufficio amministrativo dell'università per prenotare visita museo il 15 maggio 2026 alle 15 per 60 ragazzi","Commerciale","bassa"
319,"PRENOTAZIONE TELEFONICA","ha chiamato parroco della parrocchia del carmine per prenotazione ricovero antiaereo il 20 marzo 2026 per 60 ragazzi","Commerciale","media"
320,"PRENOTAZIONE TELEFONICA","ha chiamato volontario dell'associazione di rivoli per prenotazione della visita sacro e profano in 2/3/2026 alle 10 per 24 persone","Commerciale","media"
321,"PRENOTAZIONE TELEFONICA","ha chiamato la referente di unito per visita al museo del 10 marzo 2026 ore 15 per 50 ragazzi universitari","Commerciale","media"
322,"PRENOTAZIONE TELEFONICA","ha chiamato educatore dell'associazione per prenotare visita al museo il 28/03/2026 alle 15 per 30 ragazzi (15 disabili e 15 accompagnatori)","Commerciale","media"
323,"PRENOTAZIONE TELEFONICA","ha chiamato ufficio amministrativo di unitre per prenotare visita al rifugio antiaereo il 15/03/2026 alle 17 per 60 ragazzi","Commerciale","media"
324,"PRENOTAZIONE TELEFONICA","ha chiamato il responsabile del circolo del tarallo e ha chiesto prenotazione per 20 adulti e 10 ragazzi il 5/3/2026 h 10","Commerciale","media"
325,"PRENOTAZIONE TELEFONICA","ha chiamato parroco di nostra signora della grazia e ha bisogno di una prenotazione per 40 ragazzi il 25/3/2026 h 15","Commerciale","media"
326,"PRENOTAZIONE TELEFONICA","ha chiamato referente unitre per prenotare visita sacro e profano il 4/3/2026 per 10 adulti","Commerciale","media"
327,"PRENOTAZIONE TELEFONICA","ha chiamato animatore della parrocchia del santo per prenotazione sacro e profano il 20/3/2026 per 40 ragazzi","Commerciale","media"
328,"PRENOTAZIONE TELEFONICA","ha chiamato responsabile dell'associazione di rivoli per prenotazione della visita museo in 2/4/2026 alle 15 per 30 persone","Commerciale","media"
329,"PRENOTAZIONE TELEFONICA","ha chiamato referente unitre per prenotare visita rifugio antiaereo il 4/3/2026 per 40 adulti","Commerciale","media"
330,"PRENOTAZIONE TELEFONICA","ha chiamato animatore della parrocchia della redenzione per prenotazione visita sacro e profano il 20/03/2026 per 50 ragazzi","Commerciale","media"
331,"PRENOTAZIONE TELEFONICA","ha chiamato il capo scout del gruppo torino per prenotazione ricovero antiaereo il 20/2/2026 per 60 ragazzi","Commerciale","alta"
332,"PRENOTAZIONE TELEFONICA","ha chiamato responsabile dell'associazione per prenotazione della visita al museo il 2/12/2026 alle 10 per 34 persone","Commerciale","alta"
333,"PRENOTAZIONE TELEFONICA","ha chiamato referente unitre per visita al sacro e profano del 30/01/2026 ore 10 per 40 adulti","Commerciale","alta"
334,"PRENOTAZIONE TELEFONICA","ha chiamato capo animatori dell'associazione per prenotare visita al rifugio il 28/02/2026 alle 17 per 10 ragazzi ","Commerciale","alta"
335,"PRENOTAZIONE TELEFONICA","ha chiamato ufficio amministrativo dell'università per prenotare visita museo il 15/1/2026 alle 15 per 60 ragazzi","Commerciale","alta"
336,"PRENOTAZIONE TELEFONICA","ha chiamato parroco della parrocchia per prenotazione sacro e profano del 20/02/2026 per 45 ragazzi","Commerciale","alta"
337,"PRENOTAZIONE TELEFONICA","ha chiamato responsabile dell'associazione di rivoli per prenotazione della visita rifugio antiaereo del 3/2/2026 alle 16 per 28 persone","Commerciale","alta"
338,"PRENOTAZIONE TELEFONICA","ha chiamato la referente di unito per visita al rifugio antiaereo del 10 febbraio 2026 ore 17 per 50 ragazzi universitari","Commerciale","alta"
339,"PRENOTAZIONE TELEFONICA","ha chiamato un educatore dell'associazione per prenotare visita al museo sacro e profano il 28/01/2026 alle 16 per 26 ragazzi ","Commerciale","alta"
340,"PRENOTAZIONE TELEFONICA","ha chiamato animatore della parrocchia per prenotazione al museo il 20/02/2026 per 70 ragazzi","Commerciale","alta"
341,"Risulta un errore nell'importo della fattura","Buongiorno, ho pagato la prenotazione del gruppo. Ma l’importo indicato in fattura non corrisponde a quanto pagato. potreste verificare per favore?","Amministrazione","alta"
342,"Cambio intestazione fattura","La fattura deve essere intestata a un ente diverso","Amministrazione","bassa"
343,"Richiesta di rimborso","La visita è stata cancellata, come posso ottenere il rimborso?","Amministrazione","media"
344,"Pagamento non registrato","Ho effettuato il pagamento di una fattura erogata da diverso tempo, ma non risulta registrato nei vostri sistemi. potreste controllare?","Amministrazione","alta"
345,"Pagamento non registrato per fattura già erogata","buongiorno, avete erogato una fattura, che io ho pagato già 3 giorni fa. Il pagamento è stato effettuato ma lo stato risulta ancora non pagato. Mi fate sapere? grazie","Amministrazione","alta"
346,"Richiesta di un rimborso","Vorrei richiedere il rimborso della prenotazione","Amministrazione","media"
347,"Fattura con pagamento non registrato","Ho effettuato il pagamento ma non risulta registrato. verificare urgentemente","Amministrazione","alta"
348,"Pagamento di fattura non registrato","Il pagamento è stato effettuato ma lo stato risulta ancora non pagato. potete verificare e darmi riscontro urgentemente?","Amministrazione","alta"
349,"Pagamento effettuato ma non non registrato","Ho effettuato il pagamento per la fattura emessa già un mese fa, ma ce l'avete sollecitato. come mai? ","Amministrazione","alta"
350,"Errore importo fattura","Ho notato un errore nell’importo della fattura ricevuta. paghiamo per 10 adulti ma ne avete fatturati 12. potete verificare?","Amministrazione","alta"
351,"Richiesta rimborso","Chiedo il rimborso per una visita annullata","Amministrazione","media"
352,"importo fattura errato","Ho notato un errore nell’importo della fattura ricevuta","Amministrazione","alta"
353,"Pagamento non registrato: verificare con urgenza","Ho pagato la fattura ma il sistema non lo segnala. Potreste verificare con urgenza?","Amministrazione","alta"
354,"visita di venerdi: fattura con importo sbagliato","La cifra riportata in fattura è errata. potete verificare urgentemente? ","Amministrazione","alta"
355,"Errore nell'iimporto della fattura","buongiorno, l’importo indicato in fattura non corrisponde a quanto effettivamente pagato. potete verificare per favore?","Amministrazione","alta"
356,"Pagamento non registrato - verificare urgentemente","Ho effettuato il pagamento ma non risulta registrato. Potete verificare urgentemente?","Amministrazione","alta"
357,"Errore nella fattura","Salve, volevo segnalarvi che l’importo indicato in fattura non corrisponde a quanto pagato. potete verificare?","Amministrazione","alta"
358,"Pagamento effettuato non registrato","Salve, mi avete sollecitato il pagamento di una fattura che non vi risulta registrato, ma che io ho effettuato il pagamento. Potreste chiamarmi il prima possibile così da poter verificare insieme? Grazie","Amministrazione","alta"
359,"Richiesta rimborso dei biglietti non usufruiti","Chiedo il rimborso per i 5 biglietti dei ragazzi assenti. grazie","Amministrazione","media"
360,"Richiesta rimborso della visita non effettuata","Causa annullamento viaggio, vorrei richiedere il rimborso della prenotazione effettuata e già pagata. grazie","Amministrazione","media"
361,"Errore importo della fattura","Salve, vi segnalo un errore nella cifra riportata in fattura. potreste verificare?","Amministrazione","alta"
362,"Richiesta rimborso visita non interamente fatta","Per questioni di tempistiche, chiedo il rimborso per una visita parczialmente non eseguita. grazie","Amministrazione","media"
363,"Richiesta rimborso doppio pagamento","La visita è stata effettuata, ma per errore abbiamo pagato l'importo due volte. come posso ottenere il rimborso?","Amministrazione","media"
364,"C'è stato un errore dell'importo nella fattura emessa","Buonasera, la cifra riportata nella fattura che mi avete inviato è sbagliata. potete stornarla ed emettere quella corretta?","Amministrazione","alta"
365,"Cambio intestazione fattura per la visita di maggio","È possibile modificare l’intestatario della fattura emessa? non è da intestare a me, ma alla scuola. grazie","Amministrazione","bassa"
366,"Fattura con totale sbagliato","L’importo indicato in fattura non corrisponde a quanto pagato. pregasi di verificare con urgenza","Amministrazione","alta"
367,"Non vi risulta un mio pagamento ","Ho effettuato il pagamento ma a voi non risulta. il pagamento è stato effettuato tempo fa, ma comunque me l'avete sollecitato. Potreste verificare? ","Amministrazione","alta"
368,"Pagamento effettuato e non vi risulta","Il pagamento è stato effettuato ma lo stato risulta ancora non pagato. ed è stato effettuato già da più di un mese. date riscontro urgente","Amministrazione","alta"
369,"Cambio intestazione della fattura da emettere","Salve, contrariamente alle altre fatture già emesse nei nostri confronti, serve correggere l’intestazione della fattura da emettere. grazie","Amministrazione","bassa"
370,"Errore nella fattura: verificare l'imponibile","La cifra riportata in fattura è errata","Amministrazione","alta"
371,"Pagamento non registrato ma effettuato","Buonasera, ho effettuato il pagamento però non vi risulta registrato. COMe mai? verificare con urgenza per favore. grazie","Amministrazione","alta"
372,"Fattura erogata con pagamento non registrato","Ho effettuato il pagamento ma non virisulta registrato. come mai? mi avete anche sollecitato il pagamento! verificate con urgenza?","Amministrazione","alta"
373,"Richiesta cambio intestazione della fattura","Salve, la fattura da voi emessa deve essere intestata all'ente scolastico, e non all'ufficio scolastico. Grazie ","Amministrazione","bassa"
374,"Cambio intestazione fattura","È possibile modificare l’intestatario della fattura emessa?","Amministrazione","bassa"
375,"Si richiede una copia della fattura al nostro ufficio contabile","Salve, ci avete dato la fattura in formato cartaceo ma abbiamo necessità di avere anche la versione digitale alla mail del nostro ufficio contabile. Grazie","Amministrazione","bassa"
376,"Errore del totale nella fattura inviata","L’importo indicato in fattura non corrisponde a quanto effettivamente pagato. ci sono 2 biglietti adunti in meno in fattura. potete verificare?","Amministrazione","alta"
377,"la fattura inviata presenta un errore nel totale","Ho notato un errore nell’importo della fattura ricevuta. io ho effettuato il pagamento di 10 adulti ma la fattura è per 7 adulti. potete correggere la fattura?","Amministrazione","alta"
378,"Richiesta di rimborso tramite bonifico","Buonasera, a causa di annullamento visita per marzo, chiedo il rimborso del pagamento già effettuato","Amministrazione","media"
379,"Errore importo fattura: rispristinare o emettere una nuova fattura","L’importo indicato in fattura non corrisponde a quanto pagato. Potete cambiare la fattura o emettere una nuova fattura con la cifra mancante?","Amministrazione","alta"
380,"Richiesta copia della fattura","Salve, dite di avermi inviato fattura ma a me non risulta mai arrivata. Potreste rimandarmela? Grazie","Amministrazione","bassa"
381,"Si richiede conferma di avvenuto pagamento","Ho effettuato un pagamento ieri, ma non risulta registrato. Potreste verificare che sia arrivato? ","Amministrazione","bassa"
382,"Fattura più alta dell'importo pagato","La cifra riportata in fattura è errata. noi abbiamo pagato e usufruito di 2 biglietti in meno. è possibile stornare la cifra già fatturata o emettere una nota di credito?","Amministrazione","alta"
383,"Richiesta duplicato fattura","Ho pagato la fattura ma non l'ho mai ricevuta. potreste rimandarmela? grazie","Amministrazione","bassa"
384,"Si può avere copia della fattura emessa?","Il pagamento è stato effettuato ma non trovo la fattura. è possibile avere un duplicato?","Amministrazione","bassa"
385,"Errore nell'emissione della fattura","Salve, avete emesso la fattura per la visita del 13/1/2026 ma l’importo indicato in fattura non corrisponde a quanto abbiamo precedente pagato. Potreste verificare ed emettere nota di credito? grazie","Amministrazione","alta"
386,"Richiesta rimborso tramite bonifico","Buongiorno, ho prenotato una visita per aprile, ma non riusciamo a venire. Con la presento vi richiedere il rimborso della prenotazione","Amministrazione","media"
387,"Richiesta di rimborso per cancellazione visita","Buongiorno, siccome la visita è stata cancellata, come posso ottenere il rimborso?","Amministrazione","media"
388,"Errore nell'emissione della fattura","Ho notato un errore nell’importo della fattura ricevuta. potreste ri-emettere la fattura correggendo l'importo?","Amministrazione","alta"
389,"Errore dell'importo nella fattura emessa","L’importo indicato in fattura non corrisponde a quanto pagato. potete emettere nota di credito?","Amministrazione","alta"
390,"Richiesta della copia della fattura","Salve, il pagamento è stato fatto giorni fa, ma non ho ancora ricevuto la fattura. è possibile riceverne una copia?","Amministrazione","bassa"
391,"Rimborso di parte del pagamento","Salve, una delle due classi prenotate per domani non riesce a venire. Che procedura devo eseguire per ottenere il rimborso?","Amministrazione","media"
392,"Si richiede rimborso","Buongiorno, con la presente, vi richiedo la procedura per ottenere un rimborso parziale della visita di venerdì prossimo. grazie","Amministrazione","media"
393,"Richiesta di rimborso ","Buonasera, ho bisogno di conoscere la procedura per poter richiedere il rimborso per una visita annullata","Amministrazione","media"
394,"Cambio intestazione di fattura","Buonasera, ho necessità di cambiare l’intestatario della fattura che avete emesso. Potete correggere?","Amministrazione","bassa"
395,"Richiesta di rimborsi ","Salve, abbiamo effettuato più pagamenti per le visite del nostro istituto presso la vostra struttura, ma dobbiamo momentaneamente annullare le visite. Qual'è la procedura per richiedere il rimborso delle fatture già pagate?","Amministrazione","media"
396,"Richiesta rimborso per pagamento già effetuato","Buona sera, si richiedere rimborso per la visita annullata","Amministrazione","media"
397,"Richiesta di una copia di fattura","Buonasera, ho effettuato il pagamento ma non risulta registrato. Appena risulta registrato,è possibile avere una copia della fattura? Grazie","Amministrazione","bassa"
398,"Cambio intestazione per la fattura","Buona sera, la fattura deve essere intestata all'ente. Potreste correggere per favore? Grazie","Amministrazione","bassa"
399,"Richiesta di un rimborso","Buonasera, abbiamo dovuto annullare una prenotazione che però avevamo già pagato. Come faccio per riavere la quota già pagata? ","Amministrazione","media"
400,"Si richiede copia di fattura","Buongiorno, ho pagato la quota della tariffa concordata qualche giorno fa, ma ad oggi non ho ancora ricevuto la fattura. potrei avere una copia?","Amministrazione","bassa"
401,"Cambio dei dati inseriti nella fattura","Buongiorno, ho necessità di modificare l’intestatario della fattura emessa. è possibile? ","Amministrazione","bassa"
402,"Richiesta per un rimborso","Buongiorno, siccome la visita è stata cancellata, posso sapere come ottenere il rimborso? Grazie","Amministrazione","media"
403,"Cambio di intestazione fattura","Buonasera, è necessario modificare l’intestatario della fattura perchè errata. grazie","Amministrazione","bassa"
404,"Richiesta per un rimborso integrale","Salve, vorrei richiedere il rimborso di parte della prenotazione. Come si può fare? ","Amministrazione","media"
405,"Cambio di intestazione della fattura","Salve, c'è un errore nell'intestazione della fattura. è da intestare all'istituto scolastico. grazie","Amministrazione","bassa"
406,"Cambio intestazione in una fattura","Salve, sarebbe necessario modificare l’intestatario della fattura perchè risulta sbagliata. Grazie mille","Amministrazione","bassa"
407,"Cambio di una intestazione per la fattura","Buongiorno, per la fattura inviatami ieri, deve essere cambiata l'intestazione perchè sbagliata. Grazie","Amministrazione","bassa"
408,"Richiesta per un rimborso totale","Buona sera, la visita è stata totalmente cancellata. Come faccio per ottenere il rimborso?","Amministrazione","media"
409,"Necessità di avere copia della fattura emessa","Ho effettuato il pagamento ma ancora non ho ricevuto la fattura. potreste reinoltrarmela? ","Amministrazione","bassa"
410,"Ho necessità di avere copia della fattura di gennaio","Salve, il pagamento è stato effettuato ma la fattura non risulta ancora essere stata ricevuta. potreste inviarmela nuovamente? grazie","Amministrazione","bassa"
411,"Richiesta per un rimborso parziale","Buona sera, la visita è stata parzialmente cancellata. Una delle due visite in programma non verranno svolte. come posso ottenere il rimborso?","Amministrazione","media"
412,"Richiesta di rimborso parziale","Salve, vorrei richiedere il rimborso della prenotazione. Una delle tre classi non può venire. Mi indicate la procedura? Grazie","Amministrazione","media"
413,"Cambio intestazione per la fattura","Buongiorno, la fattura deve essere intestata a un ente diverso. correggere appena possibile. Grazie","Amministrazione","bassa"
414,"Errore dell'importo nella fattura emessa","La cifra riportata in fattura è errata. verificare con urgenza perchè dobbiamo pagare entro domani","Amministrazione","alta"
415,"Richiesta di rimborso totale ","Buona sera, si richiedere rimborso per la visita annullata ma già precedemntemente pagata","Amministrazione","media"
416,"Ho necessità di cambiare l'intestazione della fattura","Buon giorno, è necessario che la fattura sia intestata alla cooperativa. Grazie","Amministrazione","bassa"
417,"Necessità cambio intestazione della fattura","Buon giorno, ho necesità di cambiare intestazione della fattura. COme si può fare?","Amministrazione","bassa"
418,"Richiesta per un rimborso","Buona sera, ho bisogno di sapere come fare per richiedere il rimborso della prenotazione, già precedentemente pagata. Grazie","Amministrazione","media"
419,"Richiesta copia della fattura","Buongiorno, ho effettuato il pagamento della visita, ma non ho ricevuto la fattura. Come possiamo fare? Si può avere copia della stessa? ","Amministrazione","bassa"
420,"Avete emesso una fattura con l'imposto sbagliato","Buongiorno, abbiamo ricevuto la vostra fattura, ma volevamo segnalarvi che l’importo indicato è errato in quanto non è lo stesso che abbiamo pagato","Amministrazione","alta"
421,"Emissione fattura con importo errato","Buonasera, segnalo che l’importo indicato in fattura non corrisponde a quanto ho effettivamente pagato. Come mai? Potete verificare e correggere?","Amministrazione","alta"
422,"Si Richiede il rimborso parziale di un pagamento","Buongiorno, chiedo il rimborso parziale per una visita non effettuata da tutto il gruppo. grazie","Amministrazione","media"
423,"Si richiede una copia della fattura","Buonasera, ho effettuato il pagamento ma ho necessità di inviare la fattura alla mia mail personale. ","Amministrazione","bassa"
424,"Emissione fattura con importo errato","Buongiorno, segnalo che la cifra riportata nella fattura che mi avete inviato è errata. Potete verificare e farmi sapere? Grazie","Amministrazione","alta"
425,"Ho bisogno di cambiare l'intestazione di una fattura","Salve, serve correggere l’intestazione della fattura mandata perchè è parzialmente scorretta. Grazie","Amministrazione","bassa"
426,"Si richiede copia della fattura","Buonasera, ho fatto il pagamento della visita al museo di febbraio, ma non ho ricevuto fattura alla mia casella e-mail. Rotreste mandarmela di nuovo?","Amministrazione","bassa"
427,"Rimborso totale visita di marzo","Salve, dato che abbiamo dovuto annullare la visita, sono qui a chiedervi quale sia la procedura per la richiesta di rimborso. grazie","Amministrazione","media"
428,"Ho bisogno di cambiare l'intestazione nella fattura","Buonasera, è possibile modificare l’intestatario della fattura emessa? è stata intestata erroneamente a me, invece deve essere intestata all'associazione","Amministrazione","bassa"
429,"Richiesta di rimborso di parte del pagamento già effettuato","Buongiorno, ho contato male gli studenti e veniamo con 2 studenti in meno. Come devo fare per riavere i soldi dati di troppo?","Amministrazione","media"
430,"L'importo della fattura che mi avete inviato è sbagliato","Salve, ho ricevuto la fattura e l’importo indicato in fattura non corrisponde a quanto ho pagato. Potete controllare?","Amministrazione","alta"
431,"Richiesta di rimborso ","La visita è stata cancellata, come posso ottenere il rimborso totale del pagamento effettuato?","Amministrazione","media"
432,"potete cambiare l'indirizzo di intestazione della fattura?","Buonasera, serve correggere l’intestazione della fattura già ricevuta. L'indirizzo non è corretto. Grazie","Amministrazione","bassa"
433,"L'importo della fattura che mi avete inviato è sbagliato","Salve, ho ricevuto la fattura e ho notato un errore nell’importo della fattura ricevuta. Potete ripristinare la cifra corretta? Grazie","Amministrazione","alta"
434,"Pagamento non registrato nella vostra piattaforma","Salve, ho pagato la fattura tramite bonifico oggi, ma il sistema non lo segnala. potreste verificare?","Amministrazione","media"
435,"Richiesta rimborso per pagamento già effetuato ma con visita non effettuata","Buongiorno, vi chiedo il rimborso per una visita annullata ma già precedentemente pagata","Amministrazione","media"
436,"Richiesta parziale rimborso per pagamento già effetuato","Vorrei richiedere il rimborso parziale della prenotazione. Ho pagato per 10 adulti ma alla fine saremo solo 8 adulti.","Amministrazione","media"
437,"Non risulta registrato il pagamento ","Salve, ho pagato la fattura ma non riesco a vederlo a sistema. Come mai?","Amministrazione","media"
438,"Richiesta rimborso parziale","salve, vorrei richiedere il rimborso parziale della prenotazione effetuata, pagata ieri. grazie","Amministrazione","media"
439,"Ho effettuato il pagamento ma non risulta in piattaforma","Buongiorno, è stato effettuato il pagamento ieri, ma lo stato risulta ancora non pagato. Potete controllare?","Amministrazione","media"
440,"La fattura emessa risulta con importo sbagliato","Buonasera, la cifra riportata in fattura è errata. correggere urgentemente","Amministrazione","alta"
441,"Pagamento effettuato ma non registrato","Buonasera, lunedì ho fatto il pagamento tramite bonifico, ma ad oggi ancora non risulta. Come mai? Quanto devo ancora aspettare?","Amministrazione","media"
442,"per favore, cambiate l'intestazione della fattura","Salve, vi segnalo che la fattura emessa che avete intestato alla parrocchia, deve essere intestata all'ente ","Amministrazione","bassa"
443,"Pagamento fatto ma non risultante","Buonasera ho effettuato il pagamento con satispay ma nella fattura che mi avete mandato risulta da pagare","Amministrazione","media"
444,"La fattura emessa risulta con importo sbagliato","buonasera, ho notato un errore nell’importo della fattura ricevuta.correggere urgentemente","Amministrazione","alta"
445,"Cambio intestazione fattura emessa","Chiedo il cambio di intestazione della fattura a nome dell’associazione","Amministrazione","bassa"
446,"Pagamento ancora non registrato","Salve, la scuola mi comunica che ha effettuato il pagamento della fattura ancora a nostro carico, ma non risulta registrato. è normale?","Amministrazione","media"
447,"Richiesta di rimborso per un pagamento già fatto","Buongiorno, vorrei richiedere il rimborso della prenotazione in quanto deve essere effettuato dal conto della scuola","Amministrazione","media"
448,"Cambio di intestazione per una fattura","Salve, serve correggere l’intestazione della fattura già ricevuta. L'indirizzo è errato","Amministrazione","bassa"
449,"Cambio dell'intestazione fattura","Buongiorno, la fattura inviata deve essere intestata ad un ente differente. grazie","Amministrazione","bassa"
450,"Richiesta di un rimborso per pagamento effettuato martedì","Salve, con la presente vi chiedo come posso ottenere il rimborso del pagamento effettuato, in quanto la visita è stata cancellata","Amministrazione","media"
451,"Richiesta di un rimborso per pagamento già effettuato ","Salve, con ma presente chiedo formalmente il rimborso per la visita di domani, che è stata annullata","Amministrazione","media"
452,"Cambio intestazione fattura","Serve correggere l’intestazione della fattura già ricevuta","Amministrazione","bassa"
453,"Richiesta rimborso parziale già totalmente pagato","Buongiorno, dato che avevamo effettuato la prenotazione del museo e del ricovero antiaereo, per per questioni logistiche potremo effettuare solo la visita del museo, come posso ottenere il rimborso della visita che non usufruiremo?","Amministrazione","media"
454,"Richiedo cambio dell'intestazione della fattura","Salve, ho sbagliato a comunicarvi il codice fiscale dell'associazione. È possibile modificare l’intestatario della fattura emessa?","Amministrazione","bassa"
455,"La fattura emessa risulta con importo sbagliato","buonasera, l’importo indicato in fattura non corrisponde a quanto pagato. correggere urgentemente","Amministrazione","alta"
456,"Per favore, cambiate l'intestazione della fattura","È possibile modificare l’intestatario della fattura emessa? ho fatto la prenotazione a nome mio, ma la fattura deve essere intestata all'associazione. grazie","Amministrazione","bassa"
457,"Avete sbagliato l'importo della fattura","Salve, abbiamo necessità di segnalarvi che la cifra riportata in fattura è errata. correggere al più presto","Amministrazione","alta"
458,"Cambio dell'intestazione della fattura già emessa","Buongiorno, si richiede di cambiare la fattura perchè deve essere intestata a un ente diverso","Amministrazione","bassa"
459,"Avete sbagliato l'importo della fattura","Salve, ho necessità di avere l'importo della fattura corretto. potete verificare? ","Amministrazione","alta"
460,"Si richiede cambio intestazione fattura","Salve, con la presente facciamo presente che serve correggere l’intestazione della fattura già ricevuta","Amministrazione","bassa"
461,"RICHIESTA TELEFONICA","ha chiamato il referente della cooperativa e richiede cambio intestazione fattura","Amministrazione","bassa"
462,"RICHIESTA TELEFONICA","ha chiamato animatore della parrocchia lamentando di aver effettuato il pagamento ma non risulta registrato","Amministrazione","media"
463,"RICHIESTA TELEFONICA","ha chiamato responsabile bocciofila Pianezza per mancata ricezione fattura","Amministrazione","alta"
464,"RICHIESTA TELEFONICA","ha chiamato la società sportiva Rivol Volley per un rimborso, avendo pagato per errore 2 volte la fattura","Amministrazione","alta"
465,"RICHIESTA TELEFONICA","ha chiamato il responsabile scout Collegno per mancanza del codice fiscale nella fattura","Amministrazione","alta"
466,"RICHIESTA TELEFONICA","ha chiamato il presidente del gruppo alpini di Alba mancano i dati dell'associazione nella fattura","Amministrazione","alta"
467,"RICHIESTA TELEFONICA","ha chiamato il preside della scuola media Anna Frank, lamenta l'importo sbagliato della fattura","Amministrazione","alta"
468,"RICHIESTA TELEFONICA","ha chiamato l'Arci di Aosta, richiede un rimborso urgente per errore nella fattura","Amministrazione","alta"
469,"RICHIESTA TELEFONICA","ha chiamato la presidente dell'associazione Cuore richiede il cambio dei dati nella fattura","Amministrazione","alta"
470,"RICHIESTA TELEFONICA","ha chiamato il circolo Amici dei Pensionati lamenta un errore dell'importo fatturato","Amministrazione","alta"
471,"RICHIESTA TELEFONICA","ha chiamato responsabile A.N.S.P.I. per errore importo fattura","Amministrazione","alta"
472,"RICHIESTA TELEFONICA","ha chiamato l'associazione ""Per non dimenticare"" richiede un rimborso urgente","Amministrazione","alta"
473,"RICHIESTA TELEFONICA","ha chiamato Il Punto le risulta che non abbiamo registrato il pagamento","Amministrazione","media"
474,"RICHIESTA TELEFONICA","ha chiamato la parrocchia Sacro Cuore richiedendo un rimborso per calcolo errato","Amministrazione","media"
475,"RICHIESTA TELEFONICA","ha chiamato il preside dell' Itis Carlo Levi il pagamento non è stato registrato","Amministrazione","media"
476,"RICHIESTA TELEFONICA","ha chiamato il referente scuola calcio Pro Grugliasco per una richiesta di rimborso","Amministrazione","media"
477,"RICHIESTA TELEFONICA","ha chiamato l'educatore del Sogno perchè il pagamento non risulta registrato","Amministrazione","media"
478,"RICHIESTA TELEFONICA","ha chiamato il responsabile gruppo anziani il Ponte per richiesta rimborso","Amministrazione","media"
479,"RICHIESTA TELEFONICA","ha chiamato il presidente del gruppo del cammino per pagamento non registrato","Amministrazione","media"
480,"RICHIESTA TELEFONICA","ha chiamato il preside della scuola Primo Levi per richiesta rimborso","Amministrazione","media"
481,"RICHIESTA TELEFONICA","ha chiamato l'educatrice dell'associazione L'Impronta per pagamento non registrato","Amministrazione","media"
482,"RICHIESTA TELEFONICA","ha chiamato il parroco della parrocchia Cristo Redentore per pagamento non registrato","Amministrazione","media"
483,"RICHIESTA TELEFONICA","ha chiamato il presidente del circolo I 4 Mori per una richiesta di rimborso","Amministrazione","media"
484,"RICHIESTA TELEFONICA","ha chiamato il gruppo volontari del sorriso per un pagamento non registrato","Amministrazione","media"
485,"RICHIESTA TELEFONICA","ha chiamato il responsabile del circolo Tennis di Orbassano per richiesta di rimboso","Amministrazione","media"
486,"RICHIESTA TELEFONICA","ha chiamato il preside della scuola superiore Vittorini per pagamento non registrato","Amministrazione","media"
487,"RICHIESTA TELEFONICA","ha chiamato il consigliere del comune di Rivalta per richiesta copia fattura","Amministrazione","bassa"
488,"RICHIESTA TELEFONICA","ha chiamato la segretaria della scuola Itis Maiorana per richiesta copia fattura","Amministrazione","bassa"
489,"RICHIESTA TELEFONICA","ha chiamato il circolo degli scacchi di Mondovì per cambio intestazione fattura","Amministrazione","bassa"
490,"RICHIESTA TELEFONICA","ha chiamato il responsabile dell'asilo I Piccoli desideri per errore intestazione fattura","Amministrazione","bassa"
491,"RICHIESTA TELEFONICA","ha chiamato il parroco della parrocchia Maria Speranza per richiesta copia fattura","Amministrazione","bassa"
492,"RICHIESTA TELEFONICA","ha chiamato la responsabile del gruppo Anziani La Villa per cambio intestazione fattura","Amministrazione","bassa"
493,"RICHIESTA TELEFONICA","ha chiamato il presidente del circolo ferroviario per richiesta copia fattura","Amministrazione","bassa"
494,"RICHIESTA TELEFONICA","ha chiamato l'educatore dell'associazione Orma per cambio intestazione fattura","Amministrazione","bassa"
495,"RICHIESTA TELEFONICA","ha chiamato il responsabile del circolo il Granchio per cambio intestazione fattura","Amministrazione","bassa"
496,"RICHIESTA TELEFONICA","ha chiamato il segretario del gruppo teatrale Buona la Prima per copia fattura","Amministrazione","bassa"
497,"RICHIESTA TELEFONICA","ha chiamato la responsabile del rsa Mai soli per cambio intestazione fattura","Amministrazione","bassa"
498,"RICHIESTA TELEFONICA","ha chiamato la responsabile del gruppo gli Amici dei Bambini per cambio intestazione fattura","Amministrazione","bassa"
499,"RICHIESTA TELEFONICA","ha chiamato il responsabile degli Scout Regina Margherita per richiesta copia fattura","Amministrazione","bassa"
500,"RICHIESTA TELEFONICA","ha chiamato il presidente della bocciofila La Montagnola per richiesta copia fattura","Amministrazione","bassa"
